chara_id	face_type_code	chara_img_url
1	NORMAL	https://wolfort.net/wmansion/6/00_100_A.png
1	WEREWOLF	https://wolfort.net/wmansion/6/00_100_B.png
1	MONOLOGUE	https://wolfort.net/wmansion/6/00_100_C.png
2	NORMAL	https://wolfort.net/wmansion/6/01_100_A.png
2	WEREWOLF	https://wolfort.net/wmansion/6/01_100_B.png
2	MONOLOGUE	https://wolfort.net/wmansion/6/01_100_C.png
3	NORMAL	https://wolfort.net/wmansion/6/02_100_A.png
3	WEREWOLF	https://wolfort.net/wmansion/6/02_100_B.png
3	MONOLOGUE	https://wolfort.net/wmansion/6/02_100_C.png
4	NORMAL	https://wolfort.net/wmansion/6/03_100_A.png
4	WEREWOLF	https://wolfort.net/wmansion/6/03_100_B.png
4	MONOLOGUE	https://wolfort.net/wmansion/6/03_100_C.png
5	NORMAL	https://wolfort.net/wmansion/6/04_100_A.png
5	WEREWOLF	https://wolfort.net/wmansion/6/04_100_B.png
5	MONOLOGUE	https://wolfort.net/wmansion/6/04_100_C.png
6	NORMAL	https://wolfort.net/wmansion/6/05_100_A.png
6	WEREWOLF	https://wolfort.net/wmansion/6/05_100_B.png
6	MONOLOGUE	https://wolfort.net/wmansion/6/05_100_C.png
7	NORMAL	https://wolfort.net/wmansion/6/06_100_A.png
7	WEREWOLF	https://wolfort.net/wmansion/6/06_100_B.png
7	MONOLOGUE	https://wolfort.net/wmansion/6/06_100_C.png
8	NORMAL	https://wolfort.net/wmansion/6/07_100_A.png
8	WEREWOLF	https://wolfort.net/wmansion/6/07_100_B.png
8	MONOLOGUE	https://wolfort.net/wmansion/6/07_100_C.png
9	NORMAL	https://wolfort.net/wmansion/6/08_100_A.png
9	WEREWOLF	https://wolfort.net/wmansion/6/08_100_B.png
9	MONOLOGUE	https://wolfort.net/wmansion/6/08_100_C.png
10	NORMAL	https://wolfort.net/wmansion/6/09_100_A.png
10	WEREWOLF	https://wolfort.net/wmansion/6/09_100_B.png
10	MONOLOGUE	https://wolfort.net/wmansion/6/09_100_C.png
11	NORMAL	https://wolfort.net/wmansion/6/10_100_A.png
11	WEREWOLF	https://wolfort.net/wmansion/6/10_100_B.png
11	MONOLOGUE	https://wolfort.net/wmansion/6/10_100_C.png
12	NORMAL	https://wolfort.net/wmansion/6/11_100_A.png
12	WEREWOLF	https://wolfort.net/wmansion/6/11_100_B.png
12	MONOLOGUE	https://wolfort.net/wmansion/6/11_100_C.png
13	NORMAL	https://wolfort.net/wmansion/6/12_100_A.png
13	WEREWOLF	https://wolfort.net/wmansion/6/12_100_B.png
13	MONOLOGUE	https://wolfort.net/wmansion/6/12_100_C.png
14	NORMAL	https://wolfort.net/wmansion/6/13_100_A.png
14	WEREWOLF	https://wolfort.net/wmansion/6/13_100_B.png
14	MONOLOGUE	https://wolfort.net/wmansion/6/13_100_C.png
15	NORMAL	https://wolfort.net/wmansion/6/14_100_A.png
15	WEREWOLF	https://wolfort.net/wmansion/6/14_100_B.png
15	MONOLOGUE	https://wolfort.net/wmansion/6/14_100_C.png
16	NORMAL	https://wolfort.net/wmansion/6/15_100_A.png
16	WEREWOLF	https://wolfort.net/wmansion/6/15_100_B.png
16	MONOLOGUE	https://wolfort.net/wmansion/6/15_100_C.png
17	NORMAL	https://wolfort.net/wmansion/6/16_100_A.png
17	WEREWOLF	https://wolfort.net/wmansion/6/16_100_B.png
17	MONOLOGUE	https://wolfort.net/wmansion/6/16_100_C.png
18	NORMAL	https://wolfort.net/wmansion/6/17_100_A.png
18	WEREWOLF	https://wolfort.net/wmansion/6/17_100_B.png
18	MONOLOGUE	https://wolfort.net/wmansion/6/17_100_C.png
19	NORMAL	https://wolfort.net/wmansion/6/18_100_A.png
19	WEREWOLF	https://wolfort.net/wmansion/6/18_100_B.png
19	MONOLOGUE	https://wolfort.net/wmansion/6/18_100_C.png
20	NORMAL	https://wolfort.net/wmansion/6/19_100_A.png
20	WEREWOLF	https://wolfort.net/wmansion/6/19_100_B.png
20	MONOLOGUE	https://wolfort.net/wmansion/6/19_100_C.png
21	NORMAL	https://wolfort.net/wmansion/6/20_100_A.png
21	WEREWOLF	https://wolfort.net/wmansion/6/20_100_B.png
21	MONOLOGUE	https://wolfort.net/wmansion/6/20_100_C.png
22	NORMAL	https://wolfort.net/wmansion/6/21_100_A.png
22	WEREWOLF	https://wolfort.net/wmansion/6/21_100_B.png
22	MONOLOGUE	https://wolfort.net/wmansion/6/21_100_C.png
23	NORMAL	https://wolfort.net/wmansion/6/22_100_A.png
23	WEREWOLF	https://wolfort.net/wmansion/6/22_100_B.png
23	MONOLOGUE	https://wolfort.net/wmansion/6/22_100_C.png
24	NORMAL	https://wolfort.net/wmansion/6/23_100_A.png
24	WEREWOLF	https://wolfort.net/wmansion/6/23_100_B.png
24	MONOLOGUE	https://wolfort.net/wmansion/6/23_100_C.png
25	NORMAL	https://wolfort.net/wmansion/6/24_100_A.png
25	WEREWOLF	https://wolfort.net/wmansion/6/24_100_B.png
25	MONOLOGUE	https://wolfort.net/wmansion/6/24_100_C.png
26	NORMAL	https://wolfort.net/wmansion/6/25_100_A.png
26	WEREWOLF	https://wolfort.net/wmansion/6/25_100_B.png
26	MONOLOGUE	https://wolfort.net/wmansion/6/25_100_C.png
27	NORMAL	https://wolfort.net/wmansion/6/26_100_A.png
27	WEREWOLF	https://wolfort.net/wmansion/6/26_100_B.png
27	MONOLOGUE	https://wolfort.net/wmansion/6/26_100_C.png
28	NORMAL	https://wolfort.net/wmansion/6/27_100_A.png
28	WEREWOLF	https://wolfort.net/wmansion/6/27_100_B.png
28	MONOLOGUE	https://wolfort.net/wmansion/6/27_100_C.png
29	NORMAL	https://wolfort.net/wmansion/6/28_100_A.png
29	WEREWOLF	https://wolfort.net/wmansion/6/28_100_B.png
29	MONOLOGUE	https://wolfort.net/wmansion/6/28_100_C.png
30	NORMAL	https://wolfort.net/wmansion/6/29_100_A.png
30	WEREWOLF	https://wolfort.net/wmansion/6/29_100_B.png
30	MONOLOGUE	https://wolfort.net/wmansion/6/29_100_C.png
31	NORMAL	https://wolfort.net/wmansion/6/30_100_A.png
31	WEREWOLF	https://wolfort.net/wmansion/6/30_100_B.png
31	MONOLOGUE	https://wolfort.net/wmansion/6/30_100_C.png
32	NORMAL	https://wolfort.net/wmansion/6/31_100_A.png
32	WEREWOLF	https://wolfort.net/wmansion/6/31_100_B.png
32	MONOLOGUE	https://wolfort.net/wmansion/6/31_100_C.png
33	NORMAL	https://wolfort.net/wmansion/6/32_100_A.png
33	WEREWOLF	https://wolfort.net/wmansion/6/32_100_B.png
33	MONOLOGUE	https://wolfort.net/wmansion/6/32_100_C.png
34	NORMAL	https://wolfort.net/wmansion/6/33_100_A.png
34	WEREWOLF	https://wolfort.net/wmansion/6/33_100_B.png
34	MONOLOGUE	https://wolfort.net/wmansion/6/33_100_C.png
35	NORMAL	https://wolfort.net/wmansion/6/34_100_A.png
35	WEREWOLF	https://wolfort.net/wmansion/6/34_100_B.png
35	MONOLOGUE	https://wolfort.net/wmansion/6/34_100_C.png
36	NORMAL	https://wolfort.net/wmansion/6/35_100_A.png
36	WEREWOLF	https://wolfort.net/wmansion/6/35_100_B.png
36	MONOLOGUE	https://wolfort.net/wmansion/6/35_100_C.png
37	NORMAL	https://wolfort.net/wmansion/6/36_100_A.png
37	WEREWOLF	https://wolfort.net/wmansion/6/36_100_B.png
37	MONOLOGUE	https://wolfort.net/wmansion/6/36_100_C.png
38	NORMAL	https://wolfort.net/wmansion/6/37_100_A.png
38	WEREWOLF	https://wolfort.net/wmansion/6/37_100_B.png
38	MONOLOGUE	https://wolfort.net/wmansion/6/37_100_C.png
39	NORMAL	https://wolfort.net/wmansion/6/38_100_A.png
39	WEREWOLF	https://wolfort.net/wmansion/6/38_100_B.png
39	MONOLOGUE	https://wolfort.net/wmansion/6/38_100_C.png
40	NORMAL	https://wolfort.net/wmansion/6/39_100_A.png
40	WEREWOLF	https://wolfort.net/wmansion/6/39_100_B.png
40	MONOLOGUE	https://wolfort.net/wmansion/6/39_100_C.png
41	NORMAL	https://wolfort.net/wmansion/6/40_100_A.png
41	WEREWOLF	https://wolfort.net/wmansion/6/40_100_B.png
41	MONOLOGUE	https://wolfort.net/wmansion/6/40_100_C.png
42	NORMAL	https://wolfort.net/wmansion/6/41_100_A.png
42	WEREWOLF	https://wolfort.net/wmansion/6/41_100_B.png
42	MONOLOGUE	https://wolfort.net/wmansion/6/41_100_C.png
43	NORMAL	https://wolfort.net/wmansion/6/42_100_A.png
43	WEREWOLF	https://wolfort.net/wmansion/6/42_100_B.png
43	MONOLOGUE	https://wolfort.net/wmansion/6/42_100_C.png
44	NORMAL	https://wolfort.net/wmansion/6/43_100_A.png
44	WEREWOLF	https://wolfort.net/wmansion/6/43_100_B.png
44	MONOLOGUE	https://wolfort.net/wmansion/6/43_100_C.png
45	NORMAL	https://wolfort.net/wmansion/6/44_100_A.png
45	WEREWOLF	https://wolfort.net/wmansion/6/44_100_B.png
45	MONOLOGUE	https://wolfort.net/wmansion/6/44_100_C.png
46	NORMAL	https://wolfort.net/wmansion/6/45_100_A.png
46	WEREWOLF	https://wolfort.net/wmansion/6/45_100_B.png
46	MONOLOGUE	https://wolfort.net/wmansion/6/45_100_C.png
47	NORMAL	https://wolfort.net/wmansion/6/46_100_A.png
47	WEREWOLF	https://wolfort.net/wmansion/6/46_100_B.png
47	MONOLOGUE	https://wolfort.net/wmansion/6/46_100_C.png
48	NORMAL	https://wolfort.net/wmansion/6/47_100_A.png
48	WEREWOLF	https://wolfort.net/wmansion/6/47_100_B.png
48	MONOLOGUE	https://wolfort.net/wmansion/6/47_100_C.png
49	NORMAL	https://wolfort.net/wmansion/6/48_100_A.png
49	WEREWOLF	https://wolfort.net/wmansion/6/48_100_B.png
49	MONOLOGUE	https://wolfort.net/wmansion/6/48_100_C.png
50	NORMAL	https://wolfort.net/wmansion/6/49_100_A.png
50	WEREWOLF	https://wolfort.net/wmansion/6/49_100_B.png
50	MONOLOGUE	https://wolfort.net/wmansion/6/49_100_C.png
51	NORMAL	https://wolfort.net/wmansion/6/50_100_A.png
51	WEREWOLF	https://wolfort.net/wmansion/6/50_100_B.png
51	MONOLOGUE	https://wolfort.net/wmansion/6/50_100_C.png
52	NORMAL	https://wolfort.net/wmansion/6/51_100_A.png
52	WEREWOLF	https://wolfort.net/wmansion/6/51_100_B.png
52	MONOLOGUE	https://wolfort.net/wmansion/6/51_100_C.png
53	NORMAL	https://wolfort.net/wmansion/6/52_100_A.png
53	WEREWOLF	https://wolfort.net/wmansion/6/52_100_B.png
53	MONOLOGUE	https://wolfort.net/wmansion/6/52_100_C.png
54	NORMAL	https://wolfort.net/wmansion/6/53_100_A.png
54	WEREWOLF	https://wolfort.net/wmansion/6/53_100_B.png
54	MONOLOGUE	https://wolfort.net/wmansion/6/53_100_C.png
55	NORMAL	/wolf-mansion/app/images/geruto.png
56	NORMAL	/wolf-mansion/app/images/varuta.png
57	NORMAL	/wolf-mansion/app/images/moritu.png
58	NORMAL	/wolf-mansion/app/images/jimuzon.png
59	NORMAL	/wolf-mansion/app/images/tomasu.png
60	NORMAL	/wolf-mansion/app/images/nikorasu.png
61	NORMAL	/wolf-mansion/app/images/dhita.png
62	NORMAL	/wolf-mansion/app/images/peta.png
63	NORMAL	/wolf-mansion/app/images/riza.png
64	NORMAL	/wolf-mansion/app/images/arubin.png
65	NORMAL	/wolf-mansion/app/images/katarina.png
66	NORMAL	/wolf-mansion/app/images/otto.png
67	NORMAL	/wolf-mansion/app/images/yoahimu.png
68	NORMAL	/wolf-mansion/app/images/pamera.png
69	NORMAL	/wolf-mansion/app/images/yakobu.png
70	NORMAL	/wolf-mansion/app/images/rejina.png
71	NORMAL	/wolf-mansion/app/images/furideru.png
72	NORMAL	/wolf-mansion/app/images/eruna.png
73	NORMAL	/wolf-mansion/app/images/kurara.png
74	NORMAL	/wolf-mansion/app/images/shimon.png
75	NORMAL	/wolf-mansion/app/images/zodiac/ne.png
76	NORMAL	/wolf-mansion/app/images/zodiac/ushi.png
77	NORMAL	/wolf-mansion/app/images/zodiac/tora.png
78	NORMAL	/wolf-mansion/app/images/zodiac/usagi.png
79	NORMAL	/wolf-mansion/app/images/zodiac/tatsu.png
80	NORMAL	/wolf-mansion/app/images/zodiac/mi.png
81	NORMAL	/wolf-mansion/app/images/zodiac/uma.png
82	NORMAL	/wolf-mansion/app/images/zodiac/hitsuji.png
83	NORMAL	/wolf-mansion/app/images/zodiac/saru.png
84	NORMAL	/wolf-mansion/app/images/zodiac/tori.png
85	NORMAL	/wolf-mansion/app/images/zodiac/inu.png
86	NORMAL	/wolf-mansion/app/images/zodiac/inoshishi.png
